<Envelope xmlns="http://schemas.xmlsoap.org/soap/envelope/">
	<Header>
		<Security xmlns="http://docs.oasis-open.org/wss/2004/01/oasis-200401-wss-wssecurity-secext-1.0.xsd">
			<UsernameToken>
				<Username>USERNAME_GOES_HERE</Username>
				<Password>PASSWORD_GOES_HERE</Password>
			</UsernameToken>
		</Security>
	</Header>
	<Body>
		<UpdateRequest xmlns="http://exacttarget.com/wsdl/partnerAPI">
			<Options>
				<SaveOptions>
					<SaveOption>
						<PropertyName>*</PropertyName>
						<SaveAction>UpdateAdd</SaveAction>
					</SaveOption>
				</SaveOptions>
			</Options>
			<Objects xsi:type="DataExtensionObject">
				<PartnerKey xsi:nil="true">
				</PartnerKey>
				<ObjectID xsi:nil="true">
				</ObjectID>
				<CustomerKey>First Send</CustomerKey>
				<Properties>
					<Property>
						<Name>EMAIL</Name>
						<Value>ryan2@terralever.com</Value>
					</Property>
					<Property>
						<Name>FIRST SEND</Name>
						<Value>true</Value>
					</Property>
				</Properties>
			</Objects>
		</UpdateRequest>
	</Body>
</Envelope>