<Envelope xmlns="http://schemas.xmlsoap.org/soap/envelope/" xmlns:xsi="http://www.w3.org/2001/XMLSchema-instance">
	<Header>
		<Security xmlns="http://docs.oasis-open.org/wss/2004/01/oasis-200401-wss-wssecurity-secext-1.0.xsd">
			<UsernameToken>
				<Username>USERNAME_GOES_HERE</Username>
				<Password>PASSWORD_GOES_HERE</Password>
			</UsernameToken>
		</Security>
	</Header>
	<Body>
		<RetrieveRequestMsg xmlns="http://exacttarget.com/wsdl/partnerAPI">
			<RetrieveRequest>
				<ObjectType>DataExtensionObject[SendableDataExtension]</ObjectType>
				<Properties>EMAIL</Properties>
				<Properties>First Name</Properties>
				<Properties>Last Name</Properties>
				<Properties>Customer Type</Properties>
				<Filter xsi:type="SimpleFilterPart">
					<Property>EMAIL</Property>
					<SimpleOperator>equals</SimpleOperator>
					<Value>help@exacttarget.com</Value>
				</Filter>
			</RetrieveRequest>
		</RetrieveRequestMsg>
	</Body>
</Envelope>
