<Envelope xmlns="http://schemas.xmlsoap.org/soap/envelope/" xmlns:xsi="http://www.w3.org/2001/XMLSchema-instance">
	<Header>
		<Security xmlns="http://docs.oasis-open.org/wss/2004/01/oasis-200401-wss-wssecurity-secext-1.0.xsd">
			<UsernameToken>
				<Username>USERNAME_GOES_HERE</Username>
				<Password>PASSWORD_GOES_HERE</Password>
			</UsernameToken>
		</Security>
	</Header>
	<Body>
		<RetrieveRequestMsg xmlns="http://exacttarget.com/wsdl/partnerAPI">
			<RetrieveRequest>
				<ObjectType>DataExtensionObject[Example DE]</ObjectType>
				<Properties>USER_ID</Properties>
				<Properties>PRODUCT</Properties>
				<Properties>LIST_DATE</Properties>
				<Properties>SITE_GROUP</Properties>
				<Properties>CAMPAIGN</Properties>
				<Filter xsi:type="SimpleFilterPart">
					<Property>LIST_DATE</Property>
					<SimpleOperator>greaterThan</SimpleOperator>
					<DateValue>2008-01-01</DateValue>
				</Filter>
			</RetrieveRequest>
		</RetrieveRequestMsg>
	</Body>
</Envelope>
