<Envelope xmlns="http://schemas.xmlsoap.org/soap/envelope/" xmlns:xsi="http://www.w3.org/2001/XMLSchema-instance">
	<Header>
		<Security xmlns="http://docs.oasis-open.org/wss/2004/01/oasis-200401-wss-wssecurity-secext-1.0.xsd">
			<UsernameToken>
				<Username>USERNAME_GOES_HERE</Username>
				<Password>PASSWORD_GOES_HERE</Password>
			</UsernameToken>
		</Security>
	</Header>
	<Body>
		<RetrieveRequestMsg xmlns="http://exacttarget.com/wsdl/partnerAPI">
			<RetrieveRequest>
				<ObjectType>SentEvent</ObjectType>
				<Properties>SendID</Properties>
				<Properties>SubscriberKey</Properties>
				<Properties>EventDate</Properties>
				<Properties>Client.ID</Properties>
				<Properties>EventType</Properties>
				<Properties>BatchID</Properties>
				<Properties>TriggeredSendDefinitionObjectID</Properties>
				<Properties>ListID</Properties>
				<Properties>PartnerKey</Properties>
				<Properties>SubscriberID</Properties>
				<Filter xsi:type="ComplexFilterPart">
					<LeftOperand xsi:type="SimpleFilterPart">
						<Property>EventDate</Property>
						<SimpleOperator>between</SimpleOperator>
						<DateValue>2009-10-30T15:39:31.197-05:00</DateValue>
						<DateValue>2009-11-03T10:35:00.000-05:00</DateValue>
					</LeftOperand>
					<LogicalOperator>AND</LogicalOperator>
					<RightOperand xsi:type="SimpleFilterPart">
						<Property>SubscriberKey</Property>
						<SimpleOperator>equals</SimpleOperator>
						<Value>help@exacttarget.com</Value>
					</RightOperand>
				</Filter>
			</RetrieveRequest>
		</RetrieveRequestMsg>
	</Body>
</Envelope>
