<Envelope xmlns="http://schemas.xmlsoap.org/soap/envelope/" xmlns:xsi="http://www.w3.org/2001/XMLSchema-instance">
	<Header>
		<Security xmlns="http://docs.oasis-open.org/wss/2004/01/oasis-200401-wss-wssecurity-secext-1.0.xsd">
			<UsernameToken>
				<Username>USERNAME_GOES_HERE</Username>
				<Password>PASSWORD_GOES_HERE</Password>
			</UsernameToken>
		</Security>
	</Header>
	<Body>
		<RetrieveRequestMsg xmlns="http://exacttarget.com/wsdl/partnerAPI">
			<RetrieveRequest>
				<ObjectType>Send</ObjectType>
				<Properties>ID</Properties>
				<Properties>PartnerKey</Properties>
				<Properties>CreatedDate</Properties>
				<Properties>ModifiedDate</Properties>
				<Properties>Client.ID</Properties>
				<Properties>Client.PartnerClientKey</Properties>
				<Properties>Email.ID</Properties>
				<Properties>Email.PartnerKey</Properties>
				<Properties>SendDate</Properties>
				<Properties>FromAddress</Properties>
				<Properties>FromName</Properties>
				<Properties>Duplicates</Properties>
				<Properties>InvalidAddresses</Properties>
				<Properties>ExistingUndeliverables</Properties>
				<Properties>ExistingUnsubscribes</Properties>
				<Properties>HardBounces</Properties>
				<Properties>SoftBounces</Properties>
				<Properties>OtherBounces</Properties>
				<Properties>ForwardedEmails</Properties>
				<Properties>UniqueClicks</Properties>
				<Properties>UniqueOpens</Properties>
				<Properties>NumberSent</Properties>
				<Properties>NumberDelivered</Properties>
				<Properties>Unsubscribes</Properties>
				<Properties>MissingAddresses</Properties>
				<Properties>Subject</Properties>
				<Properties>PreviewURL</Properties>
				<Properties>SentDate</Properties>
				<Properties>EmailName</Properties>
				<Properties>Status</Properties>
				<Properties>IsMultipart</Properties>
				<Properties>SendLimit</Properties>
				<Properties>SendWindowOpen</Properties>
				<Properties>SendWindowClose</Properties>
				<Properties>IsAlwaysOn</Properties>
				<Filter xsi:type="SimpleFilterPart">
					<Property>ModifiedDate</Property>
					<SimpleOperator>greaterThan</SimpleOperator>
					<DateValue>2009-07-28T00:00:01.8670105Z</DateValue>
				</Filter>
			</RetrieveRequest>
		</RetrieveRequestMsg>
	</Body>
</Envelope>
