<Envelope xmlns="http://schemas.xmlsoap.org/soap/envelope/" xmlns:xsi="http://www.w3.org/2001/XMLSchema-instance">
	<Header>
		<Security xmlns="http://docs.oasis-open.org/wss/2004/01/oasis-200401-wss-wssecurity-secext-1.0.xsd">
			<UsernameToken>
				<Username>USERNAME_GOES_HERE</Username>
				<Password>PASSWORD_GOES_HERE</Password>
			</UsernameToken>
		</Security>
	</Header>
	<Body>
		<RetrieveRequestMsg xmlns="http://exacttarget.com/wsdl/partnerAPI">
			<RetrieveRequest>
				<ObjectType>Email</ObjectType>
				<Properties>CategoryID</Properties>
				<Properties>Subject</Properties>
				<Properties>Name</Properties>
				<Properties>Folder</Properties>
				<Properties>ID</Properties>
				<Properties>HTMLBody</Properties>
				<Filter xsi:type="SimpleFilterPart">
					<Property>PartnerKey</Property>
					<SimpleOperator>equals</SimpleOperator>
					<Value>34_8F864C30A063A4561246BAB6</Value>
				</Filter>
				<QueryAllAccounts>false</QueryAllAccounts>
			</RetrieveRequest>
		</RetrieveRequestMsg>
	</Body>
</Envelope>
