<Envelope xmlns="http://schemas.xmlsoap.org/soap/envelope/" xmlns:xsi="http://www.w3.org/2001/XMLSchema-instance">
	<Header>
		<Security xmlns="http://docs.oasis-open.org/wss/2004/01/oasis-200401-wss-wssecurity-secext-1.0.xsd">
			<UsernameToken>
				<Username>USERNAME_GOES_HERE</Username>
				<Password>PASSWORD_GOES_HERE</Password>
			</UsernameToken>
		</Security>
	</Header>
	<Body>
		<RetrieveRequestMsg xmlns="http://exacttarget.com/wsdl/partnerAPI">
			<RetrieveRequest>
				<ObjectType>TriggeredSendDefinition</ObjectType>
				<Properties>ObjectID</Properties>
				<Properties>BatchInterval</Properties>
				<Properties>CustomerKey</Properties>
				<Properties>Name</Properties>
				<Filter xsi:type="par:SimpleFilterPart" xmlns:par="http://exacttarget.com/wsdl/partnerAPI" xmlns:xsi="http://www.w3.org/2001/XMLSchema-instance">
					<Property>CustomerKey</Property>
					<SimpleOperator>equals</SimpleOperator>
					<Value>TEXTEXT</Value>
				</Filter>
			</RetrieveRequest>
		</RetrieveRequestMsg>
	</Body>
</Envelope>
