<Envelope xmlns="http://schemas.xmlsoap.org/soap/envelope/" xmlns:xsi="http://www.w3.org/2001/XMLSchema-instance">
	<Header>
		<Security xmlns="http://docs.oasis-open.org/wss/2004/01/oasis-200401-wss-wssecurity-secext-1.0.xsd">
			<UsernameToken>
				<Username>USERNAME_GOES_HERE</Username>
				<Password>PASSWORD_GOES_HERE</Password>
			</UsernameToken>
		</Security>
	</Header>
	<Body>
		<RetrieveRequestMsg xmlns="http://exacttarget.com/wsdl/partnerAPI">
			<RetrieveRequest>
				<ObjectType>SentEvent</ObjectType>
				<Properties>Client.ID</Properties>
				<Properties>TriggeredSendDefinitionObjectID</Properties>
				<Properties>SendID</Properties>
				<Properties>SubscriberKey</Properties>
				<Properties>EventDate</Properties>
				<Properties>EventType</Properties>
				<Properties>BatchID</Properties>
				<Properties>ListID</Properties>
				<Filter xsi:type="SimpleFilterPart" xmlns="http://exacttarget.com/wsdl/partnerAPI">
					<Property>EventDate</Property>
					<SimpleOperator>between</SimpleOperator>
					<DateValue>2009-06-30T03:00:00.000Z</DateValue>
					<DateValue>2009-07-29T02:59:59.999Z</DateValue>
				</Filter>
			</RetrieveRequest>
		</RetrieveRequestMsg>
	</Body>
</Envelope>
