<Envelope xmlns="http://schemas.xmlsoap.org/soap/envelope/" xmlns:xsi="http://www.w3.org/2001/XMLSchema-instance">
	<Header>
		<Security xmlns="http://docs.oasis-open.org/wss/2004/01/oasis-200401-wss-wssecurity-secext-1.0.xsd">
			<UsernameToken>
				<Username>USERNAME_GOES_HERE</Username>
				<Password>PASSWORD_GOES_HERE</Password>
			</UsernameToken>
		</Security>
	</Header>
	<Body>
		<RetrieveRequestMsg xmlns="http://exacttarget.com/wsdl/partnerAPI">
			<RetrieveRequest>
				<ObjectType>TriggeredSendDefinition</ObjectType>
				<Properties>ObjectID</Properties>
				<Properties>PartnerKey</Properties>
				<Properties>CreatedDate</Properties>
				<Properties>ModifiedDate</Properties>
				<Properties>Client.ID</Properties>
				<Properties>CustomerKey</Properties>
				<Properties>Email.ID</Properties>
				<Properties>Name</Properties>
				<Properties>Description</Properties>
				<Properties>TriggeredSendType</Properties>
				<Properties>TriggeredSendStatus</Properties>
				<Properties>HeaderContentArea.ID</Properties>
				<Properties>FooterContentArea.ID</Properties>
				<Properties>SendClassification.ObjectID</Properties>
				<Properties>SendClassification.CustomerKey</Properties>
				<Properties>SenderProfile.CustomerKey</Properties>
				<Properties>SenderProfile.ObjectID</Properties>
				<Properties>DeliveryProfile.CustomerKey</Properties>
				<Properties>DeliveryProfile.ObjectID</Properties>
				<Filter xsi:type="par:SimpleFilterPart" xmlns:par="http://exacttarget.com/wsdl/partnerAPI" xmlns:xsi="http://www.w3.org/2001/XMLSchema-instance">
					<Property>CustomerKey</Property>
					<SimpleOperator>equals</SimpleOperator>
					<Value>TEXTEXT</Value>
				</Filter>
			</RetrieveRequest>
		</RetrieveRequestMsg>
	</Body>
</Envelope>
