<Envelope xmlns="http://schemas.xmlsoap.org/soap/envelope/" xmlns:xsi="http://www.w3.org/2001/XMLSchema-instance">
	<Header>
		<Security xmlns="http://docs.oasis-open.org/wss/2004/01/oasis-200401-wss-wssecurity-secext-1.0.xsd">
			<UsernameToken>
				<Username>USERNAME_GOES_HERE</Username>
				<Password>PASSWORD_GOES_HERE</Password>
			</UsernameToken>
		</Security>
	</Header>
	<Body>
		<RetrieveRequestMsg xmlns="http://exacttarget.com/wsdl/partnerAPI">
			<RetrieveRequest>
				<ObjectType>ResultMessage</ObjectType>
				<Properties>CreatedDate</Properties>
				<Properties>RequestID</Properties>
				<Properties>ConversationID</Properties>
				<Properties>CallsInConversation</Properties>
				<Properties>SequenceCode</Properties>
				<Properties>StatusCode</Properties>
				<Properties>ErrorCode</Properties>
				<Properties>StatusMessage</Properties>
				<Properties>ResultDetailXML</Properties>
				<Filter xsi:type="SimpleFilterPart">
					<Property>RequestID</Property>
					<SimpleOperator>equals</SimpleOperator>
					<Value>853112ac-b00c-4255-83b0-9f3f66a77f3c</Value>
				</Filter>
			</RetrieveRequest>
		</RetrieveRequestMsg>
	</Body>
</Envelope>
