<Envelope xmlns="http://schemas.xmlsoap.org/soap/envelope/" xmlns:xsi="http://www.w3.org/2001/XMLSchema-instance">
	<Header>
		<Security xmlns="http://docs.oasis-open.org/wss/2004/01/oasis-200401-wss-wssecurity-secext-1.0.xsd">
			<UsernameToken>
				<Username>USERNAME_GOES_HERE</Username>
				<Password>PASSWORD_GOES_HERE</Password>
			</UsernameToken>
		</Security>
	</Header>
	<Body>
		<RetrieveRequestMsg xmlns="http://exacttarget.com/wsdl/partnerAPI">
			<RetrieveRequest>
				<ObjectType>ImportResultsSummary</ObjectType>
				<Properties>ImportDefinitionCustomerKey</Properties>
				<Properties>ImportType</Properties>
				<Properties>ImportStatus</Properties>
				<Properties>ID</Properties>
				<Properties>ObjectID</Properties>
				<Properties>NumberDuplicated</Properties>
				<Properties>NumberErrors</Properties>
				<Properties>NumberSuccessful</Properties>
				<Properties>DestinationID</Properties>
				<Properties>TaskResultID</Properties>
				<Filter xsi:type="ns1:SimpleFilterPart" xmlns:ns1="http://exacttarget.com/wsdl/partnerAPI">
					<Property>TaskResultID</Property>
					<SimpleOperator>equals</SimpleOperator>
					<Value>125574039</Value>
				</Filter>
			</RetrieveRequest>
		</RetrieveRequestMsg>
	</Body>
</Envelope>
