<Envelope xmlns="http://schemas.xmlsoap.org/soap/envelope/" xmlns:xsi="http://www.w3.org/2001/XMLSchema-instance">
	<Header>
		<Security xmlns="http://docs.oasis-open.org/wss/2004/01/oasis-200401-wss-wssecurity-secext-1.0.xsd">
			<UsernameToken>
				<Username>USERNAME_GOES_HERE</Username>
				<Password>PASSWORD_GOES_HERE</Password>
			</UsernameToken>
		</Security>
	</Header>
	<Body>
		<RetrieveRequestMsg xmlns="http://exacttarget.com/wsdl/partnerAPI">
			<RetrieveRequest>
				<ObjectType>NotSentEvent</ObjectType>
				<Properties>SendID</Properties>
				<Properties>SubscriberKey</Properties>
				<Properties>EventDate</Properties>
				<Properties>Client.ID</Properties>
				<Properties>EventType</Properties>
				<Properties>BatchID</Properties>
				<Properties>TriggeredSendDefinitionObjectID</Properties>
				<Properties>ListID</Properties>
				<Properties>PartnerKey</Properties>
				<Properties>SubscriberID</Properties>
			</RetrieveRequest>
		</RetrieveRequestMsg>
	</Body>
</Envelope>
