<Envelope xmlns="http://schemas.xmlsoap.org/soap/envelope/" xmlns:xsi="http://www.w3.org/2001/XMLSchema-instance">
	<Header>
		<Security xmlns="http://docs.oasis-open.org/wss/2004/01/oasis-200401-wss-wssecurity-secext-1.0.xsd">
			<UsernameToken>
				<Username>USERNAME_GOES_HERE</Username>
				<Password>PASSWORD_GOES_HERE</Password>
			</UsernameToken>
		</Security>
	</Header>
	<Body>
		<RetrieveRequestMsg xmlns="http://exacttarget.com/wsdl/partnerAPI">
			<RetrieveRequest>
				<ClientIDs>
					<ID>11111111</ID>
				</ClientIDs>
				<ObjectType>List</ObjectType>
				<Properties>ID</Properties>
				<Properties>List.ListName</Properties>
				<Properties>List.Type</Properties>
				<Properties>List.Category</Properties>
				<Properties>Client.ID</Properties>
				<QueryAllAccounts>true</QueryAllAccounts>
			</RetrieveRequest>
		</RetrieveRequestMsg>
	</Body>
</Envelope>
