<Envelope xmlns="http://schemas.xmlsoap.org/soap/envelope/" xmlns:xsi="http://www.w3.org/2001/XMLSchema-instance">
	<Header>
		<Security xmlns="http://docs.oasis-open.org/wss/2004/01/oasis-200401-wss-wssecurity-secext-1.0.xsd">
			<UsernameToken>
				<Username>USERNAME_GOES_HERE</Username>
				<Password>PASSWORD_GOES_HERE</Password>
			</UsernameToken>
		</Security>
	</Header>
	<Body>
		<RetrieveRequestMsg xmlns="http://exacttarget.com/wsdl/partnerAPI">
			<RetrieveRequest>
				<ObjectType>TriggeredSendSummary</ObjectType>
				<Properties>Sent</Properties>
				<Properties>CustomerKey</Properties>
				<Properties>NotSentDueToOptOut</Properties>
				<Properties>NotSentDueToUndeliverable</Properties>
				<Properties>Bounces</Properties>
				<Properties>Opens</Properties>
				<Properties>Clicks</Properties>
				<Properties>UniqueOpens</Properties>
				<Properties>UniqueClicks</Properties>
				<Properties>OptOuts</Properties>
				<Properties>SurveyResponses</Properties>
				<Properties>Conversions</Properties>
				<Properties>UniqueConversions</Properties>
				<Properties>InProcess</Properties>
				<Properties>NotSentDueToError</Properties>
				<Filter xsi:type="SimpleFilterPart" xmlns:ns1="http://exacttarget.com/wsdl/partnerAPI">
					<Property>CustomerKey</Property>
					<SimpleOperator>equals</SimpleOperator>
					<Value>TESTING</Value>
				</Filter>
			</RetrieveRequest>
		</RetrieveRequestMsg>
	</Body>
</Envelope>
