<Envelope xmlns="http://schemas.xmlsoap.org/soap/envelope/" xmlns:xsi="http://www.w3.org/2001/XMLSchema-instance">
   <Header>
      <Security xmlns="http://docs.oasis-open.org/wss/2004/01/oasis-200401-wss-wssecurity-secext-1.0.xsd">
         <UsernameToken>
            <Username>USERNAME_GOES_HERE</Username>
            <Password>PASSWORD_GOES_HERE</Password>
         </UsernameToken>
      </Security>
   </Header>
   <Body>
      <RetrieveRequestMsg xmlns="http://exacttarget.com/wsdl/partnerAPI">
         <RetrieveRequest>
            <ObjectType>AsyncActivityStatus</ObjectType>
            <Properties>Status</Properties>
            <Properties>StartTime</Properties>
            <Properties>EndTime</Properties>
            <Properties>TaskID</Properties>
            <Properties>ParentInteractionObjectID</Properties>
            <Properties>InteractionID</Properties>
            <Filter xsi:type="SimpleFilterPart">
               <Property>ParentInteractionObjectID</Property>
               <SimpleOperator>equals</SimpleOperator>
               <Value>8f083fc7-0439-df11-b817-00237d540dfc</Value>
            </Filter>
            <!--Only can filter on ParentInteractionObjectID, TaskID, StartTime, and EndTime-->
         </RetrieveRequest>
      </RetrieveRequestMsg>
   </soapenv:Body>
</soapenv:Envelope>