<Envelope xmlns="http://schemas.xmlsoap.org/soap/envelope/" xmlns:xsi="http://www.w3.org/2001/XMLSchema-instance">
   <Header>
      <Security xmlns="http://docs.oasis-open.org/wss/2004/01/oasis-200401-wss-wssecurity-secext-1.0.xsd">
         <UsernameToken>
            <Username>USERNAME_GOES_HERE</Username>
            <Password>PASSWORD_GOES_HERE</Password>
         </UsernameToken>
      </Security>
   </Header>
   <Body>
      <RetrieveRequestMsg xmlns="http://exacttarget.com/wsdl/partnerAPI">
         <RetrieveRequest>
            <Options>
               <Client>
                  <ID/>
               </Client>
            </Options>
            <ObjectType>DataExtensionField</ObjectType>
            <Properties>ObjectID</Properties>
            <Properties>PartnerKey</Properties>
            <Properties>CustomerKey</Properties>
            <Properties>Name</Properties>
            <Properties>DefaultValue</Properties>
            <Properties>MaxLength</Properties>
            <Properties>IsRequired</Properties>
            <Properties>Ordinal</Properties>
            <Properties>IsPrimaryKey</Properties>
            <Properties>FieldType</Properties>
            <Properties>CreatedDate</Properties>
            <Properties>ModifiedDate</Properties>
            <Properties>Scale</Properties>
            <Properties>Client.ID</Properties>
            <Properties>DataExtension.CustomerKey</Properties>
            <Filter xsi:type="SimpleFilterPart" xmlns:ns1="http://exacttarget.com/wsdl/partnerAPI">
               <Property>DataExtension.CustomerKey</Property>
               <SimpleOperator>equals</SimpleOperator>
               <Value>ET_Test</Value>
            </Filter>
         </RetrieveRequest>
      </RetrieveRequestMsg>
   </soap:Body>
</soap:Envelope>