<Envelope xmlns="http://schemas.xmlsoap.org/soap/envelope/" xmlns:xsi="http://www.w3.org/2001/XMLSchema-instance">
	<Header>
		<Security xmlns="http://docs.oasis-open.org/wss/2004/01/oasis-200401-wss-wssecurity-secext-1.0.xsd">
			<UsernameToken>
				<Username>USERNAME_GOES_HERE</Username>
				<Password>PASSWORD_GOES_HERE</Password>
			</UsernameToken>
		</Security>
	</Header>
	<Body>
		<CreateRequest xmlns="http://exacttarget.com/wsdl/partnerAPI">
			<Options>
				<SaveOptions/>
			</Options>
			<Objects xsi:type="TriggeredSendDefinition">
				<PartnerKey xsi:nil="true"/>
				<ObjectID xsi:nil="true"/>
				<CustomerKey>TEXTEXT3</CustomerKey>
				<Name>Test Triggered Send3</Name>
				<TriggeredSendType>Continuous</TriggeredSendType>
				<TriggeredSendStatus>Inactive</TriggeredSendStatus>
				<BatchInterval>1</BatchInterval>
				<AutoAddSubscribers>false</AutoAddSubscribers>
				<AutoUpdateSubscribers>false</AutoUpdateSubscribers>
				<SendClassification>
					<PartnerKey xsi:nil="true"/>
					<ObjectID xsi:nil="true"/>
					<CustomerKey>2239</CustomerKey>
				</SendClassification>
				<Email>
					<PartnerKey xsi:nil="true"/>
					<ObjectID xsi:nil="true"/>
					<ID>3096280</ID>
				</Email>
				<List>
					<PartnerKey xsi:nil="true"/>
					<ObjectID xsi:nil="true"/>
					<ID>1718924</ID>
				</List>
			</Objects>
		</CreateRequest>
	</Body>
</Envelope>