<Envelope xmlns="http://schemas.xmlsoap.org/soap/envelope/" xmlns:xsi="http://www.w3.org/2001/XMLSchema-instance">
	<Header>
		<Security xmlns="http://docs.oasis-open.org/wss/2004/01/oasis-200401-wss-wssecurity-secext-1.0.xsd">
			<UsernameToken>
				<Username>USERNAME_GOES_HERE</Username>
				<Password>PASSWORD_GOES_HERE</Password>
			</UsernameToken>
		</Security>
	</Header>
	<Body>
		<ConfigureRequestMsg xmlns="http://exacttarget.com/wsdl/partnerAPI">
			<Options>
			</Options>
			<Action>Create</Action>
			<Configurations>
				<Configuration xsi:type="PropertyDefinition">
					<PartnerKey xsi:nil="true">
					</PartnerKey>
					<ObjectID xsi:nil="true">
					</ObjectID>
					<Name>New_Attribute_Name</Name>
					<PropertyType>string</PropertyType>
				</Configuration>
			</Configurations>
		</ConfigureRequestMsg>
	</Body>
</Envelope>