<Envelope xmlns="http://schemas.xmlsoap.org/soap/envelope/" xmlns:xsi="http://www.w3.org/2001/XMLSchema-instance">
	<Header>
		<Security xmlns="http://docs.oasis-open.org/wss/2004/01/oasis-200401-wss-wssecurity-secext-1.0.xsd">
			<UsernameToken>
				<Username>USERNAME_GOES_HERE</Username>
				<Password>PASSWORD_GOES_HERE</Password>
			</UsernameToken>
		</Security>
	</Header>
	<Body>
		<CreateRequest xmlns="http://exacttarget.com/wsdl/partnerAPI">
			<Options>
			</Options>
			<Objects xsi:type="QueryDefinition">
				<PartnerKey xsi:nil="true">
				</PartnerKey>
				<ObjectID xsi:nil="true">
				</ObjectID>
				<CustomerKey>New Query Key</CustomerKey>
				<Name>New Query</Name>
				<Description>Some Description</Description>
				<QueryText>Select EMAIL_ADDRESS as EMAIL from [Example DE]</QueryText>
				<TargetType>DE</TargetType>
				<DataExtensionTarget>
					<PartnerKey xsi:nil="true">
					</PartnerKey>
					<ObjectID xsi:nil="true">
					</ObjectID>
					<CustomerKey>FIRST SEND</CustomerKey>
					<Name>First Send</Name>
				</DataExtensionTarget>
				<TargetUpdateType>Overwrite</TargetUpdateType>
			</Objects>
		</CreateRequest>
	</Body>
</Envelope>