<Envelope xmlns="http://schemas.xmlsoap.org/soap/envelope/" xmlns:xsi="http://www.w3.org/2001/XMLSchema-instance">
	<Header>
		<Security xmlns="http://docs.oasis-open.org/wss/2004/01/oasis-200401-wss-wssecurity-secext-1.0.xsd">
			<UsernameToken>
				<Username>USERNAME_GOES_HERE</Username>
				<Password>PASSWORD_GOES_HERE</Password>
			</UsernameToken>
		</Security>
	</Header>
	<Body>
		<CreateRequest xmlns="http://exacttarget.com/wsdl/partnerAPI">
			<Options/>
			<Objects xsi:type="ImportDefinition">
				<PartnerKey xsi:nil="true"/>
				<ObjectID xsi:nil="true"/>
				<CustomerKey>UsingAPI_1</CustomerKey>
				<Name>UsingAPI_1</Name>
				<Description>UsingAPI to Import to DE Definition</Description>
				<DestinationObject xsi:type="DataExtension">
					<CustomerKey>UsingAPI</CustomerKey>
				</DestinationObject>
				<FieldMappingType>InferFromColumnHeadings</FieldMappingType>
				<FileSpec>WithoutTemp.csv</FileSpec>
				<FileType>CSV</FileType>
				<Notification>
					<ResponseType>email</ResponseType>
					<ResponseAddress>fake@example.com</ResponseAddress>
				</Notification>
				<RetrieveFileTransferLocation>
					<PartnerKey xsi:nil="true"/>
					<ObjectID xsi:nil="true"/>
					<CustomerKey>ExactTarget Enhanced FTP</CustomerKey>
				</RetrieveFileTransferLocation>
				<UpdateType>Overwrite</UpdateType>
			</Objects>
		</CreateRequest>
	</Body>
</Envelope>