<Envelope xmlns="http://schemas.xmlsoap.org/soap/envelope/" xmlns:xsi="http://www.w3.org/2001/XMLSchema-instance">
	<Header>
		<Security xmlns="http://docs.oasis-open.org/wss/2004/01/oasis-200401-wss-wssecurity-secext-1.0.xsd">
			<UsernameToken>
				<Username>USERNAME_GOES_HERE</Username>
				<Password>PASSWORD_GOES_HERE</Password>
			</UsernameToken>
		</Security>
	</Header>
	<Body>
		<CreateRequest xmlns="http://exacttarget.com/wsdl/partnerAPI">
			<Options/>
			<Objects xsi:type="ContentArea">
				<CustomerKey>ContenetArea_Name</CustomerKey>
				<ObjectID xsi:nil="true"/>	
				<Name>Example Content Area Created by API</Name>
				<Layout>RawText</Layout>
				<Content>Content content content content</Content>
			</Objects>
		</CreateRequest>
	</Body>
</Envelope>