<Envelope xmlns="http://schemas.xmlsoap.org/soap/envelope/" xmlns:xsi="http://www.w3.org/2001/XMLSchema-instance">
	<Header>
		<Security xmlns="http://docs.oasis-open.org/wss/2004/01/oasis-200401-wss-wssecurity-secext-1.0.xsd">
			<UsernameToken>
				<Username>USERNAME_GOES_HERE</Username>
				<Password>PASSWORD_GOES_HERE</Password>
			</UsernameToken>
		</Security>
	</Header>
	<Body>
		<CreateRequest xmlns="http://exacttarget.com/wsdl/partnerAPI">
			<Options>
				<SaveOptions>
					<SaveOption>
						<PropertyName>*</PropertyName>
						<SaveAction>UpdateAdd</SaveAction>
					</SaveOption>
				</SaveOptions>
			</Options>
			<Objects xsi:type="Account">
				<PartnerKey>MAC First Client With Sub</PartnerKey>
				<ObjectID xsi:nil="true"/>
				<AccountType>PRO_CONNECT_CLIENT</AccountType>
				<Name>ExactTarget Client Success Center</Name>
				<Email>help@exacttarget.com</Email>
				<FromName>ExactTarget Client Success Center</FromName>
				<BusinessName>ExactTarget Client Success Center</BusinessName>
				<Address>20 North Meridian Street</Address>
				<City>Indianapolis</City>
				<State>IN</State>
				<Zip>46204</Zip>
				<IsActive>1</IsActive>
				<IsTestAccount>false</IsTestAccount>
				<EditionID>3</EditionID>
				<Subscription xsi:nil="true"/>
			</Objects>
		</CreateRequest>
	</Body>
</Envelope>