<Envelope xmlns="http://schemas.xmlsoap.org/soap/envelope/" xmlns:xsi="http://www.w3.org/2001/XMLSchema-instance">
	<Header>
		<Security xmlns="http://docs.oasis-open.org/wss/2004/01/oasis-200401-wss-wssecurity-secext-1.0.xsd">
			<UsernameToken>
				<Username>USERNAME_GOES_HERE</Username>
				<Password>PASSWORD_GOES_HERE</Password>
			</UsernameToken>
		</Security>
	</Header>
	<Body>
		<CreateRequest xmlns="http://exacttarget.com/wsdl/partnerAPI">
			<Options/>
			<Objects xsi:type="Email">
				<ObjectID xsi:nil="true"/>
				<Name>Text Only in API</Name>
				<Description>Description</Description>
				<TextBody>Example email body for an email that is text only</TextBody>
				<Subject>Example Subject</Subject>
				<EmailType>Text Only</EmailType>
			</Objects>
		</CreateRequest>
	</Body>
</Envelope>