<Envelope xmlns="http://schemas.xmlsoap.org/soap/envelope/" xmlns:xsi="http://www.w3.org/2001/XMLSchema-instance">
	<Header>
		<Security xmlns="http://docs.oasis-open.org/wss/2004/01/oasis-200401-wss-wssecurity-secext-1.0.xsd">
			<UsernameToken>
				<Username>USERNAME_GOES_HERE</Username>
				<Password>PASSWORD_GOES_HERE</Password>
			</UsernameToken>
		</Security>
	</Header>
	<Body>
		<CreateRequest xmlns="http://exacttarget.com/wsdl/partnerAPI">
			<Options/>
			<Objects xsi:type="ImportDefinition">
				<PartnerKey xsi:nil="true"/>
				<ObjectID xsi:nil="true"/>
				<CustomerKey>UsingAPI</CustomerKey>
				<Name>UsingAPI</Name>
				<Description>UsingAPI to Import to DE Definition</Description>
				<DestinationObject xsi:type="DataExtension">
					<Client>
						<ID>75741</ID>
					</Client>
					<PartnerKey/>
					<CreatedDate>2008-10-16T14:53:26.613</CreatedDate>
					<ObjectID>2300bb16-bc9b-dd11-be9d-001e0bcf2c98</ObjectID>
					<CustomerKey>Test2_Key</CustomerKey>
					<Name>Test2</Name>
					<Description/>
					<IsSendable>true</IsSendable>
					<IsTestable>false</IsTestable>
					<SendableSubscriberField>
						<Name>_SubscriberKey</Name>
					</SendableSubscriberField>
				</DestinationObject>
				<FieldMappingType>MapByOrdinal</FieldMappingType>
				<FieldMaps>
					<FieldMap>
						<SourceName>1</SourceName>
						<DestinationName>EmailId</DestinationName>
					</FieldMap>
					<FieldMap>
						<SourceName>2</SourceName>
						<DestinationName>StatusField</DestinationName>
					</FieldMap>
				</FieldMaps>
				<FileSpec>Test2.csv</FileSpec>
				<FileType>CSV</FileType>
				<Notification>
					<ResponseType>email</ResponseType>
					<ResponseAddress>bgogineni@exacttarget.com</ResponseAddress>
				</Notification>
				<RetrieveFileTransferLocation>
					<PartnerKey xsi:nil="true"/>
					<ObjectID xsi:nil="true"/>
					<CustomerKey>ExactTarget Enhanced FTP</CustomerKey>
				</RetrieveFileTransferLocation>
				<UpdateType>AddAndDoNotUpdate</UpdateType>
			</Objects>
		</CreateRequest>
	</Body>
</Envelope>