<Envelope xmlns="http://schemas.xmlsoap.org/soap/envelope/" xmlns:xsi="http://www.w3.org/2001/XMLSchema-instance">
	<Header>
		<Security xmlns="http://docs.oasis-open.org/wss/2004/01/oasis-200401-wss-wssecurity-secext-1.0.xsd">
			<UsernameToken>
				<Username>USERNAME_GOES_HERE</Username>
				<Password>PASSWORD_GOES_HERE</Password>
			</UsernameToken>
		</Security>
	</Header>
	<Body>
		<CreateRequest xmlns="http://exacttarget.com/wsdl/partnerAPI">
			<Options>
				<SaveOptions/>
			</Options>
			<Objects xsi:type="DataExtension">
				<PartnerKey xsi:nil="true"/>
				<ObjectID xsi:nil="true"/>
				<CustomerKey>02_2010-02-26-08_42_30_762_851628611</CustomerKey>
				<Name>02_2010-02-26-08_42_30_762_851628611</Name>
				<Description>02_2010-02-26-08_42_30_762_851628611</Description>
				<IsSendable>true</IsSendable>
				<IsTestable>false</IsTestable>
				<DataRetentionPeriodLength>48</DataRetentionPeriodLength>
				<DataRetentionPeriodUnitOfMeasure>0</DataRetentionPeriodUnitOfMeasure>
				<RowBasedRetention>false</RowBasedRetention>
				<ResetRetentionPeriodOnImport>true</ResetRetentionPeriodOnImport>
				<DeleteAtEndOfRetentionPeriod>false</DeleteAtEndOfRetentionPeriod>
				<Fields>
					<Field>
						<PartnerKey xsi:nil="true"/>
						<ObjectID xsi:nil="true"/>
						<Name>D_Body</Name>
						<Description>D_Body</Description>
						<IsNillable>false</IsNillable>
						<IsPrimaryKey>false</IsPrimaryKey>
						<FieldType>Text</FieldType>
						<DefaultValue/>
					</Field>
					<Field>
						<PartnerKey xsi:nil="true"/>
						<ObjectID xsi:nil="true"/>
						<Name>D_F1</Name>
						<Description>D_F1</Description>
						<MaxLength>100</MaxLength>
						<IsNillable>false</IsNillable>
						<IsPrimaryKey>false</IsPrimaryKey>
						<FieldType>Text</FieldType>
						<DefaultValue/>
					</Field>
					<Field>
						<PartnerKey xsi:nil="true"/>
						<ObjectID xsi:nil="true"/>
						<Name>D_F2</Name>
						<Description>D_F2</Description>
						<MaxLength>100</MaxLength>
						<IsNillable>false</IsNillable>
						<IsPrimaryKey>false</IsPrimaryKey>
						<FieldType>Text</FieldType>
						<DefaultValue/>
					</Field>
					<Field>
						<PartnerKey xsi:nil="true"/>
						<ObjectID xsi:nil="true"/>
						<Name>D_F3</Name>
						<Description>D_F3</Description>
						<MaxLength>100</MaxLength>
						<IsNillable>false</IsNillable>
						<IsPrimaryKey>false</IsPrimaryKey>
						<FieldType>Text</FieldType>
						<DefaultValue/>
					</Field>
					<Field>
						<PartnerKey xsi:nil="true"/>
						<ObjectID xsi:nil="true"/>
						<Name>D_F4</Name>
						<Description>D_F4</Description>
						<MaxLength>100</MaxLength>
						<IsNillable>false</IsNillable>
						<IsPrimaryKey>false</IsPrimaryKey>
						<FieldType>Text</FieldType>
						<DefaultValue/>
					</Field>
					<Field>
						<PartnerKey xsi:nil="true"/>
						<ObjectID xsi:nil="true"/>
						<Name>D_F5</Name>
						<Description>D_F5</Description>
						<MaxLength>100</MaxLength>
						<IsNillable>false</IsNillable>
						<IsPrimaryKey>false</IsPrimaryKey>
						<FieldType>Text</FieldType>
						<DefaultValue/>
					</Field>
					<Field>
						<PartnerKey xsi:nil="true"/>
						<ObjectID xsi:nil="true"/>
						<Name>D_From Email</Name>
						<Description>D_From Email</Description>
						<MaxLength>320</MaxLength>
						<IsNillable>false</IsNillable>
						<IsPrimaryKey>false</IsPrimaryKey>
						<FieldType>Text</FieldType>
						<DefaultValue/>
					</Field>
					<Field>
						<PartnerKey xsi:nil="true"/>
						<ObjectID xsi:nil="true"/>
						<Name>D_From Name</Name>
						<Description>D_From Name</Description>
						<MaxLength>1024</MaxLength>
						<IsNillable>false</IsNillable>
						<IsPrimaryKey>false</IsPrimaryKey>
						<FieldType>Text</FieldType>
						<DefaultValue/>
					</Field>
					<Field>
						<PartnerKey xsi:nil="true"/>
						<ObjectID xsi:nil="true"/>
						<Name>D_Subject</Name>
						<Description>D_Subject</Description>
						<MaxLength>1024</MaxLength>
						<IsNillable>false</IsNillable>
						<IsPrimaryKey>false</IsPrimaryKey>
						<FieldType>Text</FieldType>
						<DefaultValue/>
					</Field>
					<Field>
						<PartnerKey xsi:nil="true"/>
						<ObjectID xsi:nil="true"/>
						<Name>Email Address</Name>
						<Description>Email Address</Description>
						<MaxLength>100</MaxLength>
						<IsNillable>false</IsNillable>
						<IsPrimaryKey>false</IsPrimaryKey>
						<FieldType>EmailAddress</FieldType>
					</Field>
					<Field>
						<PartnerKey xsi:nil="true"/>
						<ObjectID xsi:nil="true"/>
						<Name>Subscriber Key</Name>
						<Description>Subscriber Key</Description>
						<MaxLength>100</MaxLength>
						<IsNillable>false</IsNillable>
						<IsPrimaryKey>false</IsPrimaryKey>
						<FieldType>Text</FieldType>
						<DefaultValue/>
					</Field>
					<Field>
						<PartnerKey xsi:nil="true"/>
						<ObjectID xsi:nil="true"/>
						<Name>D_FileAttachmentFileName1</Name>
						<Description>D_FileAttachmentFileName1</Description>
						<MaxLength>1024</MaxLength>
						<IsNillable>false</IsNillable>
						<IsPrimaryKey>false</IsPrimaryKey>
						<FieldType>Text</FieldType>
						<DefaultValue/>
					</Field>
					<Field>
						<PartnerKey xsi:nil="true"/>
						<ObjectID xsi:nil="true"/>
						<Name>D_FileAttachmentPhysicalFile1</Name>
						<Description>D_FileAttachmentPhysicalFile1</Description>
						<MaxLength>1024</MaxLength>
						<IsNillable>false</IsNillable>
						<IsPrimaryKey>false</IsPrimaryKey>
						<FieldType>Text</FieldType>
						<DefaultValue/>
					</Field>
					<Field>
						<PartnerKey xsi:nil="true"/>
						<ObjectID xsi:nil="true"/>
						<Name>D_FileAttachmentFileName2</Name>
						<Description>D_FileAttachmentFileName2</Description>
						<MaxLength>1024</MaxLength>
						<IsNillable>false</IsNillable>
						<IsPrimaryKey>false</IsPrimaryKey>
						<FieldType>Text</FieldType>
						<DefaultValue/>
					</Field>
					<Field>
						<PartnerKey xsi:nil="true"/>
						<ObjectID xsi:nil="true"/>
						<Name>D_FileAttachmentPhysicalFile2</Name>
						<Description>D_FileAttachmentPhysicalFile2</Description>
						<MaxLength>1024</MaxLength>
						<IsNillable>false</IsNillable>
						<IsPrimaryKey>false</IsPrimaryKey>
						<FieldType>Text</FieldType>
						<DefaultValue/>
					</Field>
					<Field>
						<PartnerKey xsi:nil="true"/>
						<ObjectID xsi:nil="true"/>
						<Name>D_FileAttachmentFileName3</Name>
						<Description>D_FileAttachmentFileName3</Description>
						<MaxLength>1024</MaxLength>
						<IsNillable>false</IsNillable>
						<IsPrimaryKey>false</IsPrimaryKey>
						<FieldType>Text</FieldType>
						<DefaultValue/>
					</Field>
					<Field>
						<PartnerKey xsi:nil="true"/>
						<ObjectID xsi:nil="true"/>
						<Name>D_FileAttachmentPhysicalFile3</Name>
						<Description>D_FileAttachmentPhysicalFile3</Description>
						<MaxLength>1024</MaxLength>
						<IsNillable>false</IsNillable>
						<IsPrimaryKey>false</IsPrimaryKey>
						<FieldType>Text</FieldType>
						<DefaultValue/>
					</Field>
					<Field>
						<PartnerKey xsi:nil="true"/>
						<ObjectID xsi:nil="true"/>
						<Name>D_FileAttachmentFileName4</Name>
						<Description>D_FileAttachmentFileName4</Description>
						<MaxLength>1024</MaxLength>
						<IsNillable>false</IsNillable>
						<IsPrimaryKey>false</IsPrimaryKey>
						<FieldType>Text</FieldType>
						<DefaultValue/>
					</Field>
					<Field>
						<PartnerKey xsi:nil="true"/>
						<ObjectID xsi:nil="true"/>
						<Name>D_FileAttachmentPhysicalFile4</Name>
						<Description>D_FileAttachmentPhysicalFile4</Description>
						<MaxLength>1024</MaxLength>
						<IsNillable>false</IsNillable>
						<IsPrimaryKey>false</IsPrimaryKey>
						<FieldType>Text</FieldType>
						<DefaultValue/>
					</Field>
					<Field>
						<PartnerKey xsi:nil="true"/>
						<ObjectID xsi:nil="true"/>
						<Name>D_FileAttachmentFileName5</Name>
						<Description>D_FileAttachmentFileName5</Description>
						<MaxLength>1024</MaxLength>
						<IsNillable>false</IsNillable>
						<IsPrimaryKey>false</IsPrimaryKey>
						<FieldType>Text</FieldType>
						<DefaultValue/>
					</Field>
					<Field>
						<PartnerKey xsi:nil="true"/>
						<ObjectID xsi:nil="true"/>
						<Name>D_FileAttachmentPhysicalFile5</Name>
						<Description>D_FileAttachmentPhysicalFile5</Description>
						<MaxLength>1024</MaxLength>
						<IsNillable>false</IsNillable>
						<IsPrimaryKey>false</IsPrimaryKey>
						<FieldType>Text</FieldType>
						<DefaultValue/>
					</Field>
					<Field>
						<PartnerKey xsi:nil="true"/>
						<ObjectID xsi:nil="true"/>
						<Name>D_URLAttachmentURL1</Name>
						<Description>D_URLAttachmentURL1</Description>
						<MaxLength>1024</MaxLength>
						<IsNillable>false</IsNillable>
						<IsPrimaryKey>false</IsPrimaryKey>
						<FieldType>Text</FieldType>
						<DefaultValue/>
					</Field>
					<Field>
						<PartnerKey xsi:nil="true"/>
						<ObjectID xsi:nil="true"/>
						<Name>D_URLAttachmentFileName1</Name>
						<Description>D_URLAttachmentFileName1</Description>
						<MaxLength>1024</MaxLength>
						<IsNillable>false</IsNillable>
						<IsPrimaryKey>false</IsPrimaryKey>
						<FieldType>Text</FieldType>
						<DefaultValue/>
					</Field>
					<Field>
						<PartnerKey xsi:nil="true"/>
						<ObjectID xsi:nil="true"/>
						<Name>D_URLAttachmentURL2</Name>
						<Description>D_URLAttachmentURL2</Description>
						<MaxLength>1024</MaxLength>
						<IsNillable>false</IsNillable>
						<IsPrimaryKey>false</IsPrimaryKey>
						<FieldType>Text</FieldType>
						<DefaultValue/>
					</Field>
					<Field>
						<PartnerKey xsi:nil="true"/>
						<ObjectID xsi:nil="true"/>
						<Name>D_URLAttachmentFileName2</Name>
						<Description>D_URLAttachmentFileName2</Description>
						<MaxLength>1024</MaxLength>
						<IsNillable>false</IsNillable>
						<IsPrimaryKey>false</IsPrimaryKey>
						<FieldType>Text</FieldType>
						<DefaultValue/>
					</Field>
					<Field>
						<PartnerKey xsi:nil="true"/>
						<ObjectID xsi:nil="true"/>
						<Name>D_URLAttachmentURL3</Name>
						<Description>D_URLAttachmentURL3</Description>
						<MaxLength>1024</MaxLength>
						<IsNillable>false</IsNillable>
						<IsPrimaryKey>false</IsPrimaryKey>
						<FieldType>Text</FieldType>
						<DefaultValue/>
					</Field>
					<Field>
						<PartnerKey xsi:nil="true"/>
						<ObjectID xsi:nil="true"/>
						<Name>D_URLAttachmentFileName3</Name>
						<Description>D_URLAttachmentFileName3</Description>
						<MaxLength>1024</MaxLength>
						<IsNillable>false</IsNillable>
						<IsPrimaryKey>false</IsPrimaryKey>
						<FieldType>Text</FieldType>
						<DefaultValue/>
					</Field>
					<Field>
						<PartnerKey xsi:nil="true"/>
						<ObjectID xsi:nil="true"/>
						<Name>D_URLAttachmentURL4</Name>
						<Description>D_URLAttachmentURL4</Description>
						<MaxLength>1024</MaxLength>
						<IsNillable>false</IsNillable>
						<IsPrimaryKey>false</IsPrimaryKey>
						<FieldType>Text</FieldType>
						<DefaultValue/>
					</Field>
					<Field>
						<PartnerKey xsi:nil="true"/>
						<ObjectID xsi:nil="true"/>
						<Name>D_URLAttachmentFileName4</Name>
						<Description>D_URLAttachmentFileName4</Description>
						<MaxLength>1024</MaxLength>
						<IsNillable>false</IsNillable>
						<IsPrimaryKey>false</IsPrimaryKey>
						<FieldType>Text</FieldType>
						<DefaultValue/>
					</Field>
					<Field>
						<PartnerKey xsi:nil="true"/>
						<ObjectID xsi:nil="true"/>
						<Name>D_URLAttachmentURL5</Name>
						<Description>D_URLAttachmentURL5</Description>
						<MaxLength>1024</MaxLength>
						<IsNillable>false</IsNillable>
						<IsPrimaryKey>false</IsPrimaryKey>
						<FieldType>Text</FieldType>
						<DefaultValue/>
					</Field>
					<Field>
						<PartnerKey xsi:nil="true"/>
						<ObjectID xsi:nil="true"/>
						<Name>D_URLAttachmentFileName5</Name>
						<Description>D_URLAttachmentFileName5</Description>
						<MaxLength>1024</MaxLength>
						<IsNillable>false</IsNillable>
						<IsPrimaryKey>false</IsPrimaryKey>
						<FieldType>Text</FieldType>
						<DefaultValue/>
					</Field>
				</Fields>
				<SendableDataExtensionField>
					<PartnerKey xsi:nil="true"/>
					<ObjectID xsi:nil="true"/>
					<Name>Email Address</Name>
				</SendableDataExtensionField>
				<SendableSubscriberField>
					<Name>Email Address</Name>
				</SendableSubscriberField>
			</Objects>
		</CreateRequest>
	</Body>
</Envelope>