<Envelope xmlns="http://schemas.xmlsoap.org/soap/envelope/" xmlns:xsi="http://www.w3.org/2001/XMLSchema-instance">
	<Header>
		<Security xmlns="http://docs.oasis-open.org/wss/2004/01/oasis-200401-wss-wssecurity-secext-1.0.xsd">
			<UsernameToken>
				<Username>USERNAME_GOES_HERE</Username>
				<Password>PASSWORD_GOES_HERE</Password>
			</UsernameToken>
		</Security>
	</Header>
	<Body>
		<CreateRequest xmlns="http://exacttarget.com/wsdl/partnerAPI">
			<Options/>
			<Objects xsi:type="EmailSendDefinition">
				<PartnerKey xsi:nil="true"/>
				<ObjectID xsi:nil="true"/>
				<CustomerKey>TESTUISEND Seven</CustomerKey>
				<Name>Test User-Initiated Send Seven</Name>
				<SendClassification>
					<PartnerKey/>
					<CustomerKey>2239</CustomerKey>
					<SenderProfile>
						<PartnerKey xsi:nil="true"/>
						<ObjectID xsi:nil="true"/>
						<CustomerKey>1874</CustomerKey>
					</SenderProfile>
				</SendClassification>
				<SendDefinitionList>
					<PartnerKey xsi:nil="true"/>
					<ObjectID xsi:nil="true"/>
					<CustomObjectID>8699590d-8962-de11-8767-001e0bcf2c98</CustomObjectID>
					<DataSourceTypeID>CustomObject</DataSourceTypeID>
				</SendDefinitionList>
				<Email>
					<ID>3096380</ID>
					<ObjectID xsi:nil="true"/>
				</Email>
				<IsMultipart>true</IsMultipart>
			</Objects>
		</CreateRequest>
	</Body>
</Envelope>