<Envelope xmlns="http://schemas.xmlsoap.org/soap/envelope/" xmlns:xsi="http://www.w3.org/2001/XMLSchema-instance">
	<Header>
		<Security xmlns="http://docs.oasis-open.org/wss/2004/01/oasis-200401-wss-wssecurity-secext-1.0.xsd">
			<UsernameToken>
				<Username>USERNAME_GOES_HERE</Username>
				<Password>PASSWORD_GOES_HERE</Password>
			</UsernameToken>
		</Security>
	</Header>
	<Body>
		<CreateRequest xmlns="http://exacttarget.com/wsdl/partnerAPI">
			<Options/>
			<Objects xsi:type="Send">
				<PartnerKey xsi:nil="true"/>
				<ObjectID xsi:nil="true"/>
				<SendDate>2009-11-05T14:46:55.000-05:00</SendDate>
				<Email>
					<ID>3096380</ID>
					<Subject>Test2</Subject>
				</Email>
				<List>
					<ID>1727073</ID>
				</List>
			</Objects>
		</CreateRequest>
	</Body>
</Envelope>