<Envelope xmlns="http://schemas.xmlsoap.org/soap/envelope/" xmlns:xsi="http://www.w3.org/2001/XMLSchema-instance">
	<Header>
		<Security xmlns="http://docs.oasis-open.org/wss/2004/01/oasis-200401-wss-wssecurity-secext-1.0.xsd">
			<UsernameToken>
				<Username>USERNAME_GOES_HERE</Username>
				<Password>PASSWORD_GOES_HERE</Password>
			</UsernameToken>
		</Security>
	</Header>
	<Body>
		<CreateRequest xmlns="http://exacttarget.com/wsdl/partnerAPI">
			<Options>
			</Options>
			<Objects xsi:type="DataExtensionObject">
				<PartnerKey xsi:nil="true">
				</PartnerKey>
				<ObjectID xsi:nil="true">
				</ObjectID>
				<CustomerKey>SubscriberListMain</CustomerKey>
				<Properties>
					<Property>
						<Name>Email</Name>
						<Value>help@exacttarget.com</Value>
					</Property>
					<Property>
						<Name>FirstName</Name>
						<Value>MAC</Value>
					</Property>
					<Property>
						<Name>LastName</Name>
						<Value>MAC</Value>
					</Property>
					<Property>
						<Name>Phone</Name>
						<Value>3175555555</Value>
					</Property>					
				</Properties>
			</Objects>
		</CreateRequest>
	</Body>
</Envelope>