<Envelope xmlns="http://schemas.xmlsoap.org/soap/envelope/" xmlns:xsi="http://www.w3.org/2001/XMLSchema-instance">
	<Header>
		<Security xmlns="http://docs.oasis-open.org/wss/2004/01/oasis-200401-wss-wssecurity-secext-1.0.xsd">
			<UsernameToken>
				<Username>USERNAME_GOES_HERE</Username>
				<Password>PASSWORD_GOES_HERE</Password>
			</UsernameToken>
		</Security>
	</Header>
	<Body>
		<CreateRequest xmlns="http://exacttarget.com/wsdl/partnerAPI">
			<Options/>
			<Objects xsi:type="TriggeredSendDefinition">
				<PartnerKey xsi:nil="true"/>
				<ObjectID xsi:nil="true"/>
				<CustomerKey>API Created Test for Email6</CustomerKey>
				<Name>API Created Test for Email6</Name>
				<SendClassification>
					<PartnerKey xsi:nil="true"/>
					<CustomerKey>2239</CustomerKey>
					<ObjectID xsi:nil="true"/>
				</SendClassification>
				<Email>
					<PartnerKey xsi:nil="true"/>
					<ObjectID xsi:nil="true"/>
					<ID>3099626</ID>
				</Email>
				<SendSourceDataExtension>
					<CustomerKey>EmptyTriggeredSendDE</CustomerKey>
				</SendSourceDataExtension>
			</Objects>
		</CreateRequest>
	</Body>
</Envelope>