<Envelope xmlns="http://schemas.xmlsoap.org/soap/envelope/" xmlns:xsi="http://www.w3.org/2001/XMLSchema-instance">
	<Header>
		<Security xmlns="http://docs.oasis-open.org/wss/2004/01/oasis-200401-wss-wssecurity-secext-1.0.xsd">
			<UsernameToken>
				<Username>USERNAME_GOES_HERE</Username>
				<Password>PASSWORD_GOES_HERE</Password>
			</UsernameToken>
		</Security>
	</Header>
	<Body>
		<CreateRequest xmlns="http://exacttarget.com/wsdl/partnerAPI">
			<Options/>
			<Objects xsi:type="DataExtension" xmlns="http://exacttarget.com/wsdl/partnerAPI">
				<Name>FromAPI_3</Name>
				<SendableDataExtensionField>
					<Name>EmailAddress</Name>
					<FieldType>Text</FieldType>
				</SendableDataExtensionField>
				<SendableSubscriberField>
					<Name>EmailAddress</Name>
					<Value/>
				</SendableSubscriberField>
				<Template>
					<ObjectID>26f48224-b159-de11-92ee-001cc494ae9e</ObjectID>
					<!-- This is a static value used for all accounts for the TriggeredSendDataExtension Template-->
				</Template>
				<Fields>
					<Field>
						<CustomerKey>Namet_Key</CustomerKey>
						<Name>Name</Name>
						<FieldType>Text</FieldType>
					</Field>
					<Field>
						<CustomerKey>HTMLContent_Key</CustomerKey>
						<Name>HTMLContent</Name>
						<MaxLength>4000</MaxLength>
					</Field>
				</Fields>
			</Objects>
		</CreateRequest>
	</Body>
</Envelope>