<Envelope xmlns="http://schemas.xmlsoap.org/soap/envelope/" xmlns:xsi="http://www.w3.org/2001/XMLSchema-instance">
	<Header>
		<Security xmlns="http://docs.oasis-open.org/wss/2004/01/oasis-200401-wss-wssecurity-secext-1.0.xsd">
			<UsernameToken>
				<Username>USERNAME_GOES_HERE</Username>
				<Password>PASSWORD_GOES_HERE</Password>
			</UsernameToken>
		</Security>
	</Header>
	<Body>
		<CreateRequest xmlns="http://exacttarget.com/wsdl/partnerAPI">
			<Options/>
			<Objects xsi:type="ImportDefinition" xmlns="http://exacttarget.com/wsdl/partnerAPI">>
			<Name>Web Service Created Import Definition3</Name>
			<Description>This import definition was created through the API.</Description>
			<AllowErrors>true</AllowErrors>
			<DestinationObject xsi:type="List">
				<ID>1719725</ID>
			</DestinationObject>
			<FieldMappingType>MapByOrdinal</FieldMappingType>
			<FieldMaps>
				<FieldMap>
					<SourceOrdinal>1</SourceOrdinal>
					<DestinationName>Email Address</DestinationName>
				</FieldMap>
			</FieldMaps>
			<FileSpec>1-42-0905</FileSpec>
			<FileType>CSV</FileType>
			<Notification>
				<ResponseType>email</ResponseType>
				<ResponseAddress>help@exacttarget.com</ResponseAddress>
			</Notification>
			<RetrieveFileTransferLocation>
				<CustomerKey>ExactTarget Enhanced FTP</CustomerKey>
			</RetrieveFileTransferLocation>
			<UpdateType>AddAndDoNotUpdate</UpdateType>
		</Objects>
	</CreateRequest>
</Body>
</Envelope>