<Envelope xmlns="http://schemas.xmlsoap.org/soap/envelope/" xmlns:xsi="http://www.w3.org/2001/XMLSchema-instance">
	<Header>
		<Security xmlns="http://docs.oasis-open.org/wss/2004/01/oasis-200401-wss-wssecurity-secext-1.0.xsd">
			<UsernameToken>
				<Username>USERNAME_GOES_HERE</Username>
				<Password>PASSWORD_GOES_HERE</Password>
			</UsernameToken>
		</Security>
	</Header>
	<Body>
		<CreateRequest xmlns="http://exacttarget.com/wsdl/partnerAPI">
			<Options/>
			<Objects xsi:type="Portfolio" xmlns="http://exacttarget.com/wsdl/partnerAPI">
				<PartnerKey xsi:nil="true"/>
				<ModifiedDate xsi:nil="true"/>
				<ObjectID xsi:nil="true"/>
				<CustomerKey/>
				<Source>
					<PartnerKey xsi:nil="true"/>
					<ModifiedDate xsi:nil="true"/>
					<ObjectID xsi:nil="true"/>
					<URN>File://ETFTP/Import/f5af8670-b92e-4720-870d-72b2089709c0/sales_logo_win10.gif</URN>
				</Source>
				<FileName>sales_logo_win10.gif</FileName>
			</Objects>
		</CreateRequest>
	</Body>
</Envelope>