<Envelope xmlns="http://schemas.xmlsoap.org/soap/envelope/" xmlns:xsi="http://www.w3.org/2001/XMLSchema-instance">
	<Header>
		<Security xmlns="http://docs.oasis-open.org/wss/2004/01/oasis-200401-wss-wssecurity-secext-1.0.xsd">
			<UsernameToken>
				<Username>USERNAME_GOES_HERE</Username>
				<Password>PASSWORD_GOES_HERE</Password>
			</UsernameToken>
		</Security>
	</Header>
	<Body>
		<CreateRequest xmlns="http://exacttarget.com/wsdl/partnerAPI">
			<Options>
				<SendResponseTo>
					<ResponseType>email</ResponseType>
					<ResponseAddress>help@exacttarget.com</ResponseAddress>
					<RespondWhen>OnCallComplete</RespondWhen>
					<IncludeResults>true</IncludeResults>
					<IncludeObjects>true</IncludeObjects>
				</SendResponseTo>
				<RequestType>Asynchronous</RequestType>
			</Options>
			<Objects xsi:type="Send">
				<PartnerKey xsi:nil="true"/>
				<ObjectID xsi:nil="true"/>
				<Email>
					<PartnerKey xsi:nil="true"/>
					<ID>3096380</ID>
					<ObjectID xsi:nil="true"/>
					<Subject>Testing</Subject>
				</Email>
				<List>
					<PartnerKey xsi:nil="true"/>
					<ID>1727073</ID>
					<ObjectID xsi:nil="true"/>
				</List>
			</Objects>
		</CreateRequest>
	</Body>
</Envelope>