<Envelope xmlns="http://schemas.xmlsoap.org/soap/envelope/">
	<Header>
		<Security xmlns="http://docs.oasis-open.org/wss/2004/01/oasis-200401-wss-wssecurity-secext-1.0.xsd">
			<UsernameToken>
				<Username>USERNAME_GOES_HERE</Username>
				<Password>PASSWORD_GOES_HERE</Password>
			</UsernameToken>
		</Security>
	</Header>
	<Body>
		<DeleteRequest xmlns="http://exacttarget.com/wsdl/partnerAPI">
			<Options/>
			<Objects xsi:type="DataExtensionObject">
				<PartnerKey xsi:nil="true"/>
				<ObjectID xsi:nil="true"/>
				<CustomerKey>FIRST SEND</CustomerKey>
				<Keys>
					<Key>
						<Name>EMAIL</Name>
						<Value>TEST@FAKE.com</Value>
					</Key>
				</Keys>
			</Objects>
		</DeleteRequest>
	</Body>
</Envelope>