<Envelope xmlns="http://schemas.xmlsoap.org/soap/envelope/">
	<Header>
		<Security xmlns="http://docs.oasis-open.org/wss/2004/01/oasis-200401-wss-wssecurity-secext-1.0.xsd">
			<UsernameToken>
				<Username>USERNAME_GOES_HERE</Username>
				<Password>PASSWORD_GOES_HERE</Password>
			</UsernameToken>
		</Security>
	</Header>
	<Body>
		<PerformRequestMsg xmlns="http://exacttarget.com/wsdl/partnerAPI">
			<Action>start</Action>
			<Definitions>
				<Definition xsi:type="EmailSendDefinition">
					<PartnerKey xsi:nil="true"/>
					<ObjectID xsi:nil="true"/>
					<CustomerKey>TEST_USER_SEND</CustomerKey>
				</Definition>
			</Definitions>
		</PerformRequestMsg>
	</Body>
</Envelope>