<Envelope xmlns="http://schemas.xmlsoap.org/soap/envelope/" xmlns:xsi="http://www.w3.org/2001/XMLSchema-instance">
	<Header>
		<Security xmlns="http://docs.oasis-open.org/wss/2004/01/oasis-200401-wss-wssecurity-secext-1.0.xsd">
			<UsernameToken>
				<Username>USERNAME_GOES_HERE</Username>
				<Password>PASSWORD_GOES_HERE</Password>
			</UsernameToken>
		</Security>
	</Header>
	<Body>
		<CreateRequest xmlns="http://exacttarget.com/wsdl/partnerAPI">
			<Options/>
			<Objects xsi:type="TriggeredSend">
				<PartnerKey xsi:nil="true"/>
				<ObjectID xsi:nil="true"/>
				<TriggeredSendDefinition>
					<PartnerKey xsi:nil="true"/>
					<ObjectID xsi:nil="true"/>
					<CustomerKey>Test_Triggered</CustomerKey>
				</TriggeredSendDefinition>
				<Subscribers>
					<PartnerKey xsi:nil="true"/>
					<ObjectID xsi:nil="true"/>
					<Owner>
						<Client>
							<ID>84942</ID>
						</Client>
					</Owner>
					<EmailAddress>help@exacttarget.com</EmailAddress>
					<SubscriberKey>help@exacttarget.com</SubscriberKey>
				</Subscribers>
			</Objects>
		</CreateRequest>
	</Body>
</Envelope>