<Envelope xmlns="http://schemas.xmlsoap.org/soap/envelope/">
	<Header>
		<Security xmlns="http://docs.oasis-open.org/wss/2004/01/oasis-200401-wss-wssecurity-secext-1.0.xsd">
			<UsernameToken>
				<Username>USERNAME_GOES_HERE</Username>
				<Password>PASSWORD_GOES_HERE</Password>
			</UsernameToken>
		</Security>
	</Header>
	<Body>
		<UpdateRequest xmlns="http://exacttarget.com/wsdl/partnerAPI">
			<Objects xsi:type="Account">
				<ID>113903</ID>
				<BusinessName>MAC Test Account</BusinessName>
				<Address>123 Fake Street</Address>
				<City>Greenwood</City>
				<State>IN</State>
				<Zip>46142</Zip>
			</Objects>
		</UpdateRequest>
	</Body>
</Envelope>