<Envelope xmlns="http://schemas.xmlsoap.org/soap/envelope/">
	<Header>
		<Security xmlns="http://docs.oasis-open.org/wss/2004/01/oasis-200401-wss-wssecurity-secext-1.0.xsd">
			<UsernameToken>
				<Username>USERNAME_GOES_HERE</Username>
				<Password>PASSWORD_GOES_HERE</Password>
			</UsernameToken>
		</Security>
	</Header>
	<Body>
		<UpdateRequest xmlns="http://exacttarget.com/wsdl/partnerAPI">
			<Options/>
			<Objects xsi:type="DataExtension" xmlns="http://exacttarget.com/wsdl/partnerAPI">
				<CustomerKey>8533EC32-5E12-4599-B279-0369EFCB38E3</CustomerKey>
				<Fields>
					<Field>
						<Name>New Field</Name>
						<MaxLength>200</MaxLength>
						<IsRequired>true</IsRequired>
					</Field>
				</Fields>
			</Objects>
		</UpdateRequest>
	</Body>
</Envelope>